LogTime	Symbol	Signal	Timeframe	BarTime	Close	High	Low	FastMA1	FastMA2	SlowMA1	SlowMA2	MaDiff	SlopeFast	SlopeSlow	SlopeFastAvg5	SlopeSlowAvg5	SwingBarIndex	SwingPrice	SwingToCrossBars	SwingToCrossDistance	ATR	Spread	M5_FastMA	M5_SlowMA	M5_MaDiff	M5_SlopeFast	M5_SlopeSlow	M15_FastMA	M15_SlowMA	M15_MaDiff	M15_SlopeFast	M15_SlopeSlow	H1_FastMA	H1_SlowMA	H1_MaDiff	H1_SlopeFast	H1_SlopeSlow	H4_FastMA	H4_SlowMA	H4_MaDiff	H4_SlopeFast	H4_SlopeSlow	NextCrossBars	NextCrossAtEnd	MaxFavorableExcursion	MaxAdverseExcursion
2025.12.02 18:00:00	USDJPY#	DC	M15	2025.12.02 18:00	155.81	155.924	155.785	155.95910211859996	155.98395247169995	155.9601648915113	155.97518138066246	-0.0010627729113537043	-0.024850353099992617	-0.015016489151150836	-0.005969836241678195	-0.00208089358332586	5	156.176	4	0.36599999999998545	0.12257479793404784	8.0	155.95479171433016	155.97532530818899	-0.020533593858829136	-0.009798619055032987	-0.007932530818919759	155.95910211859996	155.9601648915113	-0.0010627729113537043	-0.024850353099992617	-0.015016489151150836	155.85686399866023	155.782878124279	0.07398587438123627	0.00968933355662216	0.01321218757209408	155.66866790252837	155.63459159926438	0.03407630326398703	0.04505534957860391	0.030440840073566733	196	False	1.3070000000000164	0.27199999999999136
2025.12.03 16:25:00	USDJPY#	GC	M5	2025.12.03 16:25	155.514	155.514	155.451	155.41532330426386	155.39887718830784	155.4120948076608	155.40190428842686	0.0032284966030715623	0.01644611595602896	0.010190519233930218	0.0016684989504483383	0.0005347277949908858	5	155.274	4	0.2400000000000091	0.0804024350851366	11.0	155.41532330426386	155.4120948076608	0.0032284966030715623	0.01644611595602896	0.010190519233930218	155.44148554354092	155.47053487956046	-0.02904933601953985	0.012085742743181527	0.004346512043952089	155.55789040074006	155.61435338054093	-0.05646297980086956	-0.02948173345666305	-0.023335338054096155	155.57103108960015	155.58778721718548	-0.01675612758532452	-0.07500518160000524	-0.04667872171856402	693	False	0.07999999999998408	1.1760000000000161
2025.12.04 19:00:00	USDJPY#	GC	M15	2025.12.04 19:00	154.937	154.96	154.888	154.78276824420274	154.75706295156985	154.777771508567	154.76184865942372	0.004996735635728555	0.02570529263289245	0.015922849143294115	0.017510879285123338	0.009056397260945915	6	154.552	5	0.3850000000000193	0.11405231746454937	11.0	154.82802601334848	154.7934005196323	0.03462549371616319	0.01849566444192874	0.014559948036776404	154.78276824420274	154.777771508567	0.004996735635728555	0.02570529263289245	0.015922849143294115	154.8921714767315	154.9883832120067	-0.09621173527520455	0.006304753878112024	-0.0058383212006560825	155.22425641115854	155.33651351389284	-0.11225710273430423	-0.04904273519306912	-0.040651351389271895	46	False	0.28899999999998727	0.14700000000001978
2025.12.05 06:30:00	USDJPY#	DC	M15	2025.12.05 06:30	154.956	155.022	154.883	155.03598196226054	155.04931228930397	155.04082801213374	155.04931081334712	-0.004846049873208358	-0.013330327043433954	-0.008482801213375524	-0.005251108569308371	-0.002606329937566443	5	155.153	4	0.19700000000000273	0.09971549457582667	10.0	155.03718640961475	155.0497740992996	-0.01258768968486379	-0.01453106826912176	-0.009977409929945225	155.03598196226054	155.04082801213374	-0.004846049873208358	-0.013330327043433954	-0.008482801213375524	155.00272854220452	155.01572551101125	-0.012996968806731957	-0.014621423700759806	-0.010072551101131921	155.0920594309337	155.22217769638831	-0.13011826545462668	-0.08284323848891972	-0.06271776963882303	186	False	0.617999999999995	1.075000000000017
2025.12.05 14:00:00	USDJPY#	GC	H1	2025.12.05 14:00	155.166	155.257	155.078	154.96618985688207	154.9328881663624	154.9656573998775	154.94562313986526	0.0005324570045672772	0.03330169051966436	0.020034260012238292	0.022840673932574874	0.01091367216014305	6	154.338	5	0.828000000000003	0.20865077234948898	10.0	155.13299440595193	155.10688888325097	0.026105522700959227	-0.006165734325321637	-0.0010888883251141124	155.0454030522826	154.98648980018004	0.05891325210257037	0.007932824619558687	0.010651019981992249	154.96618985688207	154.9656573998775	0.0005324570045672772	0.03330169051966436	0.020034260012238292	155.08390080640027	155.19354355073415	-0.10964274433388255	0.01784986559997037	-0.00025435507342308483	268	False	2.6069999999999993	0.7789999999999964
2025.12.08 02:10:00	USDJPY#	DC	M5	2025.12.08 02:10	155.226	155.229	155.164	155.25571340458762	155.26066563868557	155.25614403682386	155.25915844050627	-0.0004306322362310766	-0.00495223409794221	-0.003014403682414013	-0.0019326583547012888	-0.0006583271842828253	5	155.376	4	0.15000000000000568	0.05470223881555753	10.0	155.25571340458762	155.25614403682386	-0.0004306322362310766	-0.00495223409794221	-0.003014403682414013	155.26327447628444	155.26339203121563	-0.00011755493119380844	-0.006212412714091897	-0.003739203121568835	155.1984729525421	155.15725602417035	0.04121692837173896	-0.022078825423676562	-0.00912560241704341	155.1123894291034	155.18729267523227	-0.07490324612888344	-0.033231571517205793	-0.027429267523245926	161	False	0.33199999999999363	0.4269999999999925
2025.12.08 15:35:00	USDJPY#	GC	M5	2025.12.08 15:35	155.611	155.617	155.562	155.55868525024414	155.54996612528484	155.556337531368	155.5508712845048	0.0023477188761376055	0.008719124959299052	0.0054662468631931915	-0.0014951516192013513	-0.0009119832551050422	5	155.469	4	0.1419999999999959	0.05163208944851586	10.0	155.55868525024414	155.556337531368	0.0023477188761376055	0.008719124959299052	0.0054662468631931915	155.53177488600215	155.488727337685	0.043047548317161954	0.013037518999652775	0.012127266231516387	155.39415417041545	155.317383721302	0.07677044911343955	0.037974304930742164	0.03046162786978357	155.2377729349456	155.25083747200017	-0.013064537054560788	0.06403784417574343	0.03711625279996156	422	False	1.3380000000000223	0.22399999999998954
2025.12.08 16:00:00	USDJPY#	GC	H4	2025.12.08 16:00	155.745	155.979	155.387	155.31023394423912	155.2377729349456	155.29576133818196	155.25083747200017	0.01447260605715428	0.07246100929350519	0.04492386618179012	0.03292258872370439	0.016207879085288823	9	154.338	8	1.4070000000000107	0.40977790496586247	11.0	155.58811688617234	155.5778790640033	0.010237822169045785	0.003313852304614784	0.0030120935996649223	155.54442644685872	155.50467548569006	0.03975096116866439	-0.0002377411431098153	0.0038324514309806545	155.45498928892752	155.36307611027453	0.09191317865298743	0.060835118512073905	0.04569238897252603	155.31023394423912	155.29576133818196	0.01447260605715428	0.07246100929350519	0.04492386618179012	81	False	2.0279999999999916	1.358000000000004
2025.12.09 05:00:00	USDJPY#	GC	M15	2025.12.09 05:00	155.868	155.884	155.85	155.8664173619733	155.86615358896887	155.8663625689287	155.86619882582158	5.4793044597545304e-05	0.0002637730044341424	0.00016374310712308215	-0.0015126336414937214	-0.0009341463913301595	5	155.738	4	0.12999999999999545	0.07295504901478449	8.0	155.86106410087996	155.8613249070356	-0.00026080615563728315	0.0001559831866870809	6.750929642862502e-05	155.8664173619733	155.8663625689287	5.4793044597545304e-05	0.0002637730044341424	0.00016374310712308215	155.8081048130456	155.7184977287057	0.08960708433988884	0.0016491978257704432	0.009950227129422728	155.53126685701358	155.44729927737185	0.08396757964172252	0.07878885716442596	0.05567007226281362	307	False	1.0810000000000173	0.9259999999999877
2025.12.10 02:45:00	USDJPY#	DC	M5	2025.12.10 02:45	156.815	156.837	156.799	156.84540746347798	156.85047537405765	156.84589876053928	156.84898863659322	-0.0004912970613020207	-0.005067910579668933	-0.003089876053934404	0.0013291203017217867	0.000986819540628403	5	156.93	4	0.1150000000000091	0.04805541564194378	8.0	156.84540746347798	156.84589876053928	-0.0004912970613020207	-0.005067910579668933	-0.003089876053934404	156.83074829330604	156.83076259506447	-1.4301758426427114e-05	-0.020124715550991823	-0.01207625950644342	156.6799266403431	156.52478668167964	0.15513995866345454	0.005012226609494519	0.01852133183203364	156.11930773369062	155.88712500845804	0.2321827252325761	0.09711537771823942	0.08148749915417852	561	False	1.8729999999999905	0.07499999999998863
2025.12.12 01:30:00	USDJPY#	GC	M5	2025.12.12 01:30	155.609	155.61	155.51	155.53815919771574	155.52635239733502	155.53722128677387	155.53004341545127	0.000937910941871678	0.011806800380725235	0.0071778713225967294	0.002610681209620225	0.0012817244423217744	5	155.441	4	0.16800000000000637	0.0434298816799592	8.0	155.53815919771574	155.53722128677387	0.000937910941871678	0.011806800380725235	0.0071778713225967294	155.52800354336648	155.50208103325937	0.02592251010710811	0.009166076105600496	0.008091896674045529	155.50987577842972	155.60147847782116	-0.09160269939144428	-0.0019792964049543116	-0.010347847782099961	155.82276918880973	155.8541961368348	-0.0314269480250573	-0.02662819813494366	-0.019119613683500347	1810	False	2.1639999999999873	1.2220000000000084
2025.12.12 09:45:00	USDJPY#	DC	M15	2025.12.12 09:45	155.642	155.65	155.535	155.671238255454	155.67611129802967	155.67162817209177	155.67459098930098	-0.00038991663777210306	-0.004873042575667341	-0.002962817209208879	-0.010101457947649805	-0.0052499990687636	6	155.821	5	0.17900000000000205	0.09732528323962229	8.0	155.6348364422014	155.65912090525438	-0.024284463052993033	-0.011806073700228126	-0.009512090525447547	155.671238255454	155.67162817209177	-0.00038991663777210306	-0.004873042575667341	-0.002962817209208879	155.63349747223938	155.6464195465926	-0.01292207435321302	0.0014170879601067554	-0.00044195465926577526	155.82060593463572	155.8469554849874	-0.026349550351682183	0.010232344227375734	0.003504451501243011	65	False	0.027999999999991587	0.4800000000000182
2025.12.15 02:00:00	USDJPY#	GC	M15	2025.12.15 02:00	155.959	155.974	155.859	155.83848807276067	155.81840275155412	155.83531008536926	155.8229410939062	0.0031779873914103973	0.020085321206551043	0.01236899146306314	0.0033661320704368334	0.0015336259562332088	6	155.74	5	0.2189999999999941	0.07802891733955197	8.0	155.82039787541117	155.81456205257118	0.005835822839998173	0.014933687431465614	0.009543794742882028	155.83848807276067	155.83531008536926	0.0031779873914103973	0.020085321206551043	0.01236899146306314	155.8416299565427	155.8203414358816	0.021288520661101984	0.007895007242893826	0.006865856411849336	155.80379728916617	155.82994951505185	-0.026152225885681446	-0.032966214861033905	-0.02239495150519133	573	False	1.813999999999993	1.5720000000000027
2025.12.22 08:20:00	USDJPY#	DC	M5	2025.12.22 08:20	157.301	157.308	157.279	157.32113749159655	157.32449374019598	157.32226463867795	157.32439110254577	-0.0011271470814051554	-0.0033562485994309554	-0.0021264638678246683	8.745662015599009e-05	0.00010476508813894725	5	157.392	4	0.09100000000000819	0.045350039581200714	10.0	157.32113749159655	157.32226463867795	-0.0011271470814051554	-0.0033562485994309554	-0.0021264638678246683	157.3362434083198	157.35894756878722	-0.02270416046741275	-0.0020405680533031045	-0.0034947568787231376	157.3640318334354	157.23851302920298	0.12551880423242778	-0.004338638905892367	0.009948697079693147	156.79540644376743	156.44311020324275	0.3522962405246801	0.1094322593721131	0.1008889796757444	73	False	0.007999999999981355	0.26400000000001
2025.12.22 14:25:00	USDJPY#	GC	M5	2025.12.22 14:25	157.42	157.425	157.395	157.39338857352067	157.38895333577412	157.39195153326625	157.38914668659288	0.0014370402544159333	0.004435237746548637	0.0028048466733707755	0.0013642950754956472	0.0007244938851215466	5	157.352	4	0.06799999999998363	0.03500041482610568	11.0	157.39338857352067	157.39195153326625	0.0014370402544159333	0.004435237746548637	0.0028048466733707755	157.39890013693977	157.40028323906304	-0.0013831021232704188	0.0035166438433691383	0.0019716760936887567	157.40579050583315	157.32520533653818	0.08058516929497728	-0.002298417638854744	0.00667946634615646	156.8506340946578	156.51028200294795	0.34035209170986036	0.05522765089037307	0.06717179970519283	427	False	0.005000000000023874	1.7729999999999961
2025.12.22 18:00:00	USDJPY#	DC	H1	2025.12.22 18:00	156.931	157.039	156.852	157.2234525179341	157.27219460425644	157.2269253715854	157.25651790874394	-0.0034728536512886876	-0.0487420863223349	-0.029592537158549703	-0.036927281107580257	-0.018320099721324822	8	157.565	7	0.6339999999999861	0.21431769424978983	10.0	157.00257133998235	157.025100270657	-0.022528930674639014	0.0025714433362793443	-0.0007100270657076635	157.0547812538713	157.12581379079595	-0.0710325369246334	-0.025630208978526525	-0.022481379079607677	157.2234525179341	157.2269253715854	-0.0034728536512886876	-0.0487420863223349	-0.029592537158549703	156.84925779542098	156.5403472754072	0.30891052001376806	-0.0013762992368242521	0.030065272459268044	51	False	1.3810000000000002	0.1209999999999809
2025.12.23 01:15:00	USDJPY#	DC	M15	2025.12.23 01:15	156.879	156.966	156.861	156.97193653787167	156.98742596085026	156.97722912949217	156.98705204244138	-0.005292591620502662	-0.015489422978589573	-0.00982291294920401	-0.0010609535370008417	-0.0007166531692462286	6	157.052	5	0.17300000000000182	0.0848067106054485	16.0	156.97952628114203	156.9833861710909	-0.003859889948870432	-0.008087713523650564	-0.00523861710911433	156.97193653787167	156.97722912949217	-0.005292591620502662	-0.015489422978589573	-0.00982291294920401	157.0470731923657	157.09363451153857	-0.04656131917286643	-0.02251219872761112	-0.018163451153867527	156.815924094595	156.57363411190676	0.24228998268824853	-0.060154015765846225	-0.011863411190688566	58	False	1.2319999999999993	0.04200000000000159
2025.12.23 15:45:00	USDJPY#	GC	M15	2025.12.23 15:45	156.332	156.359	156.135	156.0389404675663	155.99009721216066	156.02393118051006	155.99312429856107	0.015009287056244602	0.04884325540564305	0.030806881948990394	0.01894096289633467	0.010603058997355674	6	155.866	5	0.46599999999997976	0.13356981218052869	8.0	156.07302164252235	156.0384084005383	0.03461324198406146	0.020996392912962847	0.0160591599461668	156.0389404675663	156.02393118051006	0.015009287056244602	0.04884325540564305	0.030806881948990394	156.1991614927135	156.36152350496218	-0.1623620122486784	0.02213975121443923	-0.002952350496229883	156.55722333653796	156.45847190977216	0.0987514267658014	-0.03753722275632754	-0.012647190977219225	1222	False	3.116000000000014	0.7819999999999823
2025.12.24 02:00:00	USDJPY#	DC	M5	2025.12.24 02:00	156.023	156.164	156.012	156.16528574110473	156.18900003128886	156.17368896184075	156.18875785802484	-0.00840322073602806	-0.02371429018413096	-0.015068896184089908	-0.0003541288044459634	-0.00039740361869462505	5	156.275	4	0.25200000000000955	0.05992926762887166	10.0	156.16528574110473	156.17368896184075	-0.00840322073602806	-0.02371429018413096	-0.015068896184089908	156.18929426063545	156.20302820585044	-0.013733945214994492	-0.007715710105912876	-0.006002820585052859	156.19178988936082	156.2619614172083	-0.07017152784749214	-0.03446498156012012	-0.02769614172083834	156.35579370464202	156.3509398270264	0.0048538776156306085	-0.117798950773647	-0.07019398270264787	204	False	0.47299999999998477	0.25
2025.12.24 19:00:00	USDJPY#	GC	M5	2025.12.24 19:00	155.867	155.874	155.819	155.8464155130449	155.84298476521903	155.84606803110862	155.8439748342195	0.00034748193627365254	0.0034307478258597257	0.0020931968891204633	0.0010088091999080006	0.0005350752655715497	5	155.785	4	0.08199999999999363	0.05428929947463511	11.0	155.8464155130449	155.84606803110862	0.00034748193627365254	0.0034307478258597257	0.0020931968891204633	155.86546418847144	155.87193089572824	-0.006466707256805648	0.008089301921444303	0.004206910427171806	155.89519102630595	155.94241971861345	-0.04722869230749893	0.011468162282341154	0.002158028138666168	156.15087573561686	156.2097904699313	-0.05891473431444183	-0.03114595593615377	-0.024579046993125075	281	False	0.8590000000000089	0.020999999999986585
2025.12.26 09:00:00	USDJPY#	GC	H1	2025.12.26 09:00	156.368	156.437	156.207	156.0089974887146	155.9491637368337	156.00842951951523	155.97247247146677	0.0005679691993805136	0.059833751880916	0.03595704804845923	0.020502718092052417	0.00860057480815044	6	155.673	5	0.6949999999999932	0.2136982537772065	13.0	156.20320045405413	156.14281605654259	0.06038439751154101	0.010633257657673312	0.012418394345729666	156.07682105876398	156.0191969813596	0.0576240774043697	0.027196490205994905	0.022080301864036755	156.0089974887146	156.00842951951523	0.0005679691993805136	0.059833751880916	0.03595704804845923	156.1941792019573	156.23199133630118	-0.03781213434388064	0.043303466340432806	0.02220086636987162	112	False	0.9230000000000018	0.6299999999999955
2025.12.29 06:25:00	USDJPY#	DC	M5	2025.12.29 06:25	156.29	156.354	156.289	156.37367185032568	156.38761715871328	156.37465076174885	156.38311583792373	-0.0009789114231750773	-0.013945308387604882	-0.00846507617487191	-0.0015859691432751788	-0.00046540731107143075	5	156.467	4	0.17700000000002092	0.05603010907968576	10.0	156.37367185032568	156.37465076174885	-0.0009789114231750773	-0.013945308387604882	-0.00846507617487191	156.36431178630133	156.37150934898722	-0.00719756268588867	-0.012385297716861032	-0.008150934898708329	156.39680817254455	156.3671099984344	0.029698174110166065	-0.005301362090762041	-0.00021099984343209144	156.3038741878039	156.29671963309835	0.007154554705550709	-0.0006456979673146179	0.0003280366901776688	2367	False	0.5519999999999925	1.8900000000000148
2025.12.29 16:00:00	USDJPY#	DC	H4	2025.12.29 16:00	156.18	156.285	155.911	156.27842222905434	156.29482593389673	156.28208086633978	156.2922889529738	-0.003658637285440136	-0.01640370484238929	-0.01020808663400885	-0.005170194202412404	-0.0026699779418379423	7	156.726	6	0.5459999999999923	0.3565322114603984	8.0	156.25677457224378	156.27555749072363	-0.018782918479843147	-0.016795762040629825	-0.011955749072370736	156.28037535672715	156.28417332778156	-0.0037979710544107093	-0.015229226121164174	-0.00951733277815947	156.28530442667682	156.2989218378698	-0.013617411192996087	-0.024384071112791617	-0.015992183787005843	156.27842222905434	156.28208086633978	-0.003658637285440136	-0.01640370484238929	-0.01020808663400885	27	False	0.4420000000000073	1.11099999999999
2026.01.05 13:00:00	USDJPY#	DC	H1	2026.01.05 13:00	156.616	156.655	156.526	156.88843238015562	156.93383777684824	156.8930910725315	156.92080017978466	-0.0046586923758695775	-0.04540539669261534	-0.027709107253173215	-0.029942459495487128	-0.014936154138257506	8	157.291	7	0.674999999999983	0.20735867783659512	11.0	156.69443973642245	156.74521751026697	-0.05077777384451565	-0.02723995607038887	-0.021421751026707625	156.79538821721954	156.86319144854656	-0.06780323132701938	-0.036564702869924304	-0.028719144854676415	156.88843238015562	156.8930910725315	-0.0046586923758695775	-0.04540539669261534	-0.027709107253173215	156.7930998336049	156.67899995466306	0.11409987894185747	0.004650027732509443	0.014200004533677202	194	False	0.5060000000000002	2.8319999999999936
2026.01.06 16:00:00	USDJPY#	GC	H4	2026.01.06 16:00	156.685	156.735	156.296	156.56434447748333	156.54423522373054	156.56114726307015	156.54876198937717	0.0031972144131771074	0.02010925375279271	0.01238527369298481	-0.021288631073855414	-0.01152095311539938	6	156.11	5	0.5749999999999886	0.37909016702313647	8.0	156.3958110332395	156.40248276937749	-0.006671736137974449	-0.0066351722065860486	-0.0046482769377576005	156.39214154513263	156.39187855633455	0.0002629887980845069	-0.01369025752211428	-0.00818785563345159	156.4114617808027	156.44378240572675	-0.032320624924039976	-0.0017436301337738769	-0.004278240572659797	156.56434447748333	156.56114726307015	0.0031972144131771074	0.02010925375279271	0.01238527369298481	49	False	2.7630000000000052	0.39500000000001023
2026.01.09 23:40:00	USDJPY#	GC	M5	2026.01.09 23:40	157.918	157.936	157.916	157.89143151260743	157.88700343137532	157.89005757344958	157.88726333079455	0.0013739391578440063	0.004428081232106251	0.002794242655028256	0.00258750024801202	0.0013360061666446653	5	157.851	4	0.06700000000000728	0.029061174242285027	14.0	157.89143151260743	157.89005757344958	0.0013739391578440063	0.004428081232106251	0.002794242655028256	157.89751973528175	157.89645201123196	0.001067724049789831	0.0034133774530573646	0.002154798876802033	157.78439049893245	157.63730447735963	0.14708602157281803	0.02393491684460969	0.029069552264047616	157.3033965495007	157.10398492079858	0.1994116287021086	0.10410057508323689	0.08240150792013878	32	False	0.28199999999998226	0.049000000000006594
2026.01.12 02:20:00	USDJPY#	DC	M5	2026.01.12 02:20	157.925	157.946	157.869	158.04124765936515	158.06062226925934	158.04523528070106	158.0572588087712	-0.003987621335909353	-0.019374609894185824	-0.012023528070130851	-0.013151558943587816	-0.006588688244170271	5	158.2	4	0.27499999999997726	0.07201485995732387	11.0	158.04124765936515	158.04523528070106	-0.003987621335909353	-0.019374609894185824	-0.012023528070130851	157.9949062282551	157.97788216830418	0.01702405995092704	-0.023484371375843693	-0.012388216830430565	157.82382317133943	157.7027914931327	0.12103167820671956	-0.04213719522323345	-0.013179149313288008	157.36619704242915	157.16207720072597	0.2041198417031751	0.06280049292846002	0.05809227992739352	1353	False	0.4140000000000157	1.5229999999999961
2026.01.14 09:15:00	USDJPY#	DC	M15	2026.01.14 09:15	159.147	159.172	159.109	159.21167576466482	159.2224550587756	159.21477367435602	159.22155104179163	-0.0030979096912062687	-0.01077929411079026	-0.00677736743560331	-0.006847655110260575	-0.0035338011862108944	6	159.345	5	0.1980000000000075	0.08394958465370748	10.0	159.19710495358083	159.21478840279838	-0.017683449217543057	-0.010350825596788127	-0.007978840279832866	159.21167576466482	159.21477367435602	-0.0030979096912062687	-0.01077929411079026	-0.00677736743560331	159.14998777171834	159.0590411728019	0.09094659891644596	0.0035020380469461543	0.011195882719817973	158.68003220140957	158.3462024001866	0.3338298012229757	0.012494633098384611	0.04087975998135107	598	False	1.7279999999999802	0.040000000000020464
2026.01.15 15:00:00	USDJPY#	GC	H1	2026.01.15 15:00	158.823	158.849	158.548	158.56569047368274	158.52280555262985	158.56231504678837	158.53624655146723	0.0033754268943653187	0.0428849210528881	0.026068495321140972	0.0071502657451503636	0.0027279141570375033	5	158.296	4	0.5270000000000152	0.21215319538658528	10.0	158.55315291444217	158.53671237817107	0.016440536271090878	0.007974514259643684	0.006428762182878245	158.53338329074	158.5261473654325	0.007235925307497837	0.011436118210014001	0.007585263456746816	158.56569047368274	158.56231504678837	0.0033754268943653187	0.0428849210528881	0.026068495321140972	158.55583872528067	158.41185905511196	0.1439796701687044	0.04452687911989983	0.04111409448879044	243	False	0.3949999999999818	6.736999999999995
2026.01.16 19:05:00	USDJPY#	GC	M5	2026.01.16 19:05	158.044	158.088	158.04	158.03238800330226	158.0304526705193	158.03188401686452	158.03067241855098	0.0005039864377351932	0.0019353327829492173	0.0012115983135458919	-8.348914152520593e-05	-0.00014947422719160385	5	157.966	4	0.07800000000000296	0.06463004555099328	8.0	158.03238800330226	158.03188401686452	0.0005039864377351932	0.0019353327829492173	0.0012115983135458919	158.02936118505386	158.04744869212843	-0.01808750707456852	0.0029398024910278764	-4.486921287139012e-05	158.13954509598904	158.216609755556	-0.07706465956695752	-0.0005908493315018859	-0.008060975555594041	158.37552523110537	158.35947482562344	0.01605040548193415	-0.03992087185088167	-0.022347482562338428	510	False	0.5519999999999925	0.625
2026.01.16 20:00:00	USDJPY#	DC	H4	2026.01.16 20:00	158.091	158.237	158.034	158.3348787695189	158.37552523110537	158.33506802329404	158.35947482562344	-0.00018925377514733555	-0.040646461586476335	-0.02440680232939485	-0.04453629546101752	-0.02266649378024681	8	158.873	7	0.7819999999999823	0.3831230702187607	15.0	158.10482784451258	158.0859905991642	0.018837245348379383	0.012862025914557762	0.009600940083572596	158.07736447139933	158.0740284762847	0.003335995114639445	0.017772588100115172	0.010997152371515995	158.14446722513344	158.21273614141452	-0.06826891628108456	0.004922129144404153	-0.0038736141414688063	158.3348787695189	158.33506802329404	-0.00018925377514733555	-0.040646461586476335	-0.02440680232939485	61	False	6.0049999999999955	1.1269999999999811
2026.01.20 13:35:00	USDJPY#	DC	M5	2026.01.20 13:35	157.831	157.881	157.817	157.8455041563293	157.8479215157175	157.8456907125382	157.847159783792	-0.0001865562088880779	-0.0024173593882039768	-0.0014690712538083517	0.0013698807662194668	0.0007998346176577798	5	157.91	4	0.07900000000000773	0.05698668386620554	8.0	157.8455041563293	157.8456907125382	-0.0001865562088880779	-0.0024173593882039768	-0.0014690712538083517	157.8782395000199	157.93083426753782	-0.05259476751791681	-0.017706583336632775	-0.0158834267537884	157.95975346557458	157.98430326301033	-0.024549797435753362	-0.03595891092908232	-0.024030326301044624	158.00192719770433	158.0755362538188	-0.07360905611446356	-0.027487866284047868	-0.023853625381889287	361	False	0.3689999999999998	0.47400000000001796
2026.01.21 19:40:00	USDJPY#	GC	M5	2026.01.21 19:40	158.157	158.176	158.139	158.13994396117366	158.13710128803592	158.13941943923726	158.13766138316097	0.0005245219363985143	0.002842673137735119	0.001758056076283765	3.984276339679127e-05	-0.0002221383697474266	5	158.033	4	0.12400000000002365	0.0601381157667844	8.0	158.13994396117366	158.13941943923726	0.0005245219363985143	0.002842673137735119	0.001758056076283765	158.11445213447587	158.08512819853416	0.02932393594170435	0.007091310920685601	0.00718718014658748	158.0502257163596	158.03774411243168	0.012481603927909646	0.014462380606744318	0.009925588756829029	158.02577910687916	158.0568950005718	-0.031115893692657437	0.018536815520150185	0.00801049994282721	422	False	0.7309999999999945	0.046999999999997044
2026.01.22 14:45:00	USDJPY#	GC	M15	2026.01.22 14:45	158.816	158.823	158.692	158.67973393180858	158.65702292044335	158.67888649954884	158.6651751495037	0.0008474322597464834	0.02271101136523157	0.013711350045127801	-0.0013428790679711256	-0.0014801873679118672	5	158.53	4	0.28600000000000136	0.08631033760891818	8.0	158.63936623604985	158.6380814828201	0.0012847532297541875	0.014272293991723473	0.008691851717998134	158.67973393180858	158.67888649954884	0.0008474322597464834	0.02271101136523157	0.013711350045127801	158.61006683322915	158.51178345508143	0.09828337814772681	0.03432219446179374	0.030421654491846084	158.32058406230095	158.24804039749634	0.07254366480461272	0.06223598961651078	0.044595960250376265	276	False	0.4019999999999868	5.64500000000001
2026.01.23 06:50:00	USDJPY#	DC	M5	2026.01.23 06:50	158.548	158.604	158.548	158.60818125995337	158.61821146994558	158.60959192263923	158.61575111490313	-0.0014106626858563232	-0.010030209992208938	-0.006159192263908153	-0.0020010534629250286	-0.0008682569380937366	5	158.659	4	0.11099999999999	0.04385799383079035	12.0	158.60818125995337	158.60959192263923	-0.0014106626858563232	-0.010030209992208938	-0.006159192263908153	158.59028572418742	158.56693187311217	0.02335385107525667	-0.008047620697908542	-0.002493187311216616	158.5197004647562	158.49922010424882	0.02048036050737778	0.003716589207300558	0.004277989575115271	158.40462263421162	158.32615080766087	0.07847182655075358	0.03589622763141165	0.029384919233905293	603	False	5.248999999999995	0.6699999999999875
2026.01.27 09:05:00	USDJPY#	GC	M5	2026.01.27 09:05	154.515	154.53	154.473	154.5033760228188	154.50143869328858	154.50321225679025	154.5020334824693	0.00016376602854961675	0.001937329530221632	0.0011787743209481505	-0.0020151199093675133	-0.0012459329786167928	5	154.365	4	0.14999999999997726	0.06304626436865333	11.0	154.5033760228188	154.50321225679025	0.00016376602854961675	0.001937329530221632	0.0011787743209481505	154.49629176674148	154.4522989201657	0.04399284657577596	0.00711803887642759	0.008670107983419939	154.3939193976105	154.41971294962838	-0.025793552017887578	0.05534676706491837	0.03062870503714521	155.00412184628456	155.71193941007698	-0.7078175637924176	-0.21168697438076833	-0.19779394100771697	2906	False	3.1380000000000052	2.4289999999999736
2026.01.27 11:45:00	USDJPY#	DC	M15	2026.01.27 11:45	153.734	154.543	153.171	154.48876072129517	154.61455417484436	154.4985901325987	154.5750491458586	-0.009829411303542201	-0.1257934535491927	-0.07645901325989257	-0.026786215895486975	-0.012113464370571592	6	154.872	5	1.1380000000000052	0.28392461570792754	8.0	154.60312101083568	154.62382172429218	-0.020700713456506037	-0.014686835139258392	-0.01088217242923406	154.48876072129517	154.4985901325987	-0.009829411303542201	-0.1257934535491927	-0.07645901325989257	154.3370020064077	154.38045698316392	-0.04345497675623733	-0.10050033440128914	-0.06464569831641143	155.00412184628456	155.71193941007698	-0.7078175637924176	-0.21168697438076833	-0.19779394100771697	112	False	1.6479999999999961	0.4509999999999934
2026.01.28 15:45:00	USDJPY#	GC	M15	2026.01.28 15:45	152.844	152.911	152.682	152.64680711727732	152.61394163682354	152.63554380467335	152.6146981851407	0.011263312603972508	0.03286548045377913	0.020845619532650517	0.010744159564512756	0.0060300783617663	6	152.388	5	0.45599999999998886	0.1502785386546268	8.0	152.6495373124829	152.62629521099092	0.0232421014919737	0.018910447919523676	0.013670478900905891	152.64680711727732	152.63554380467335	0.011263312603972508	0.03286548045377913	0.020845619532650517	152.6905756550172	152.80592049568457	-0.11534484066737605	0.025570724163827663	0.0038079504315362556	153.51215601755044	154.26813940693438	-0.7559833893839425	-0.11135933625840266	-0.14241394069344437	494	False	4.0049999999999955	0.19700000000000273
2026.01.29 18:00:00	USDJPY#	DC	H1	2026.01.29 18:00	152.879	153.041	152.714	153.12979315671296	153.1715920161651	153.14403091002197	153.17053400102418	-0.01423775330900412	-0.04179885945214323	-0.02650309100221193	-0.024748842548223137	-0.01304350417550495	6	153.532	5	0.65300000000002	0.3503876749748026	14.0	153.01590676415495	153.08562438241478	-0.0697176182598298	-0.03565112735915932	-0.028362438241487098	153.12353803744395	153.17584018556448	-0.05230214812053191	-0.03292300624065092	-0.02498401855643806	153.12979315671296	153.14403091002197	-0.01423775330900412	-0.04179885945214323	-0.02650309100221193	153.30887659894992	153.75783337742268	-0.4489567784727626	-0.06881276649164647	-0.08618333774225562	277	False	0.6159999999999854	4.774000000000001
2026.02.02 00:00:00	USDJPY#	GC	H4	2026.02.02 00:00	155.031	155.506	154.775	154.07377085464393	153.91423266375122	154.05722892886934	153.95985182175627	0.016541925774589572	0.15953819089270382	0.09737710711306136	0.12986533980739523	0.06748359532718382	9	152.676	8	2.355000000000018	0.6317570701913608	8.0	154.7531782905182	154.7198329605267	0.03334532999150497	0.018636951580305094	0.014516703947350607	154.68150556739553	154.6074230371539	0.07408253024163969	0.03224907210076822	0.026757696284619215	154.4691248797911	154.25268136033492	0.21644351945619178	0.10981252003483633	0.08753186396651813	154.07377085464393	154.05722892886934	0.016541925774589572	0.15953819089270382	0.09737710711306136	36	False	2.6219999999999857	0.48500000000001364
2026.02.04 19:15:00	USDJPY#	DC	M15	2026.02.04 19:15	156.466	156.576	156.463	156.5851883507899	156.60505307592157	156.58805405783838	156.60025946362222	-0.002865707048471222	-0.019864725131668592	-0.012205405783845436	-0.002553600719744509	-0.000956744570197543	5	156.73	4	0.2639999999999816	0.1125299809515587	8.0	156.59832005889018	156.6033426565612	-0.005022597671029416	-0.009386676481682343	-0.006134265656129401	156.5851883507899	156.58805405783838	-0.002865707048471222	-0.019864725131668592	-0.012205405783845436	156.50694563458546	156.37340324110963	0.1335423934758353	0.026342394235740585	0.029159675889047776	155.93741681319872	155.56918254595783	0.3682342672408936	0.12126386446686865	0.1095817454042276	149	False	0.010000000000019327	0.8649999999999807
2026.02.06 08:30:00	USDJPY#	GC	M15	2026.02.06 08:30	156.824	156.897	156.787	156.74849928731373	156.73591583519934	156.74614458419626	156.7383590426159	0.002354703117475765	0.012583452114398597	0.007785541580346944	0.014328882105724005	0.007462421980454792	6	156.588	5	0.23600000000001842	0.0927094958611643	8.0	156.78929467414335	156.75954606838238	0.029748605760971714	0.0012842209761174672	0.0037453931617790204	156.74849928731373	156.74614458419626	0.002354703117475765	0.012583452114398597	0.007785541580346944	156.7837844775471	156.80378763508668	-0.020003157539576932	-0.0004640795911825535	-0.0022787635086842783	156.67442781818818	156.37276238934066	0.3016654288475138	0.0617620303019919	0.0672237610659181	72	False	0.8289999999999793	0.16900000000001114
2026.02.09 02:30:00	USDJPY#	DC	M15	2026.02.09 02:30	156.812	156.93	156.778	157.13222503807094	157.18559587774942	157.14397744061128	157.1771751846724	-0.01175240254033838	-0.05337083967847889	-0.033197744061112644	-0.03406590326177365	-0.017236849453524883	6	157.653	5	0.8409999999999798	0.25535837383447835	11.0	157.05796755639577	157.13518577133462	-0.07721821493885273	-0.034661259399314304	-0.02851857713346817	157.13222503807094	157.14397744061128	-0.01175240254033838	-0.05337083967847889	-0.033197744061112644	157.07189997197491	157.02575136685942	0.04614860511549068	-0.032149995329120884	-0.014675136685923462	156.79497394934276	156.55354592537438	0.24142802396838192	-0.02882899155710561	0.006845407462549247	326	False	4.549000000000007	0.14999999999997726
2026.02.10 00:00:00	USDJPY#	DC	H4	2026.02.10 00:00	155.725	156.288	155.668	156.33404166274715	156.43554860653833	156.33947472335097	156.40092219568606	-0.00543306060382065	-0.10150694379117908	-0.061447472335089515	-0.08681577305218866	-0.043786132670601316	7	157.653	6	1.9279999999999973	0.5449796995396947	10.0	155.85319812695732	155.84995707418847	0.003241052768856889	-0.014199687826220497	-0.008195707418849452	155.8480867833696	155.87583923850795	-0.027752455138340792	-0.009514463894930714	-0.008483923850803876	156.02090298089126	156.19009994402072	-0.1691969631294512	-0.03415049681518667	-0.0374099944020827	156.33404166274715	156.33947472335097	-0.00543306060382065	-0.10150694379117908	-0.061447472335089515	40	False	3.461999999999989	0.10300000000000864
2026.02.10 11:15:00	USDJPY#	DC	M5	2026.02.10 11:15	155.413	155.455	155.354	155.46682376033652	155.47579438705927	155.46980008199483	155.4754800901943	-0.002976321658309189	-0.008970626722742736	-0.0056800081994765605	-0.011418322520535184	-0.005931743611733964	5	155.576	4	0.1629999999999825	0.07250994633826612	8.0	155.46682376033652	155.46980008199483	-0.002976321658309189	-0.008970626722742736	-0.0056800081994765605	155.43017476973978	155.4408288701507	-0.010654100410931733	-0.020529128289950904	-0.013382887015097822	155.56385078956424	155.73117621380837	-0.167325424244126	-0.04764179826068471	-0.04531762138083195	156.05656122161017	156.15707001929832	-0.1005087976881498	-0.12976020360167695	-0.08790700192983536	102	False	1.365000000000009	0.0049999999999954525
2026.02.10 19:45:00	USDJPY#	GC	M5	2026.02.10 19:45	154.376	154.391	154.346	154.26959359084142	154.25185918931498	154.2690684670382	154.25837531374202	0.0005251238032144556	0.01773440152643957	0.01069315329618803	0.00946425620142577	0.00436897403770331	5	154.151	4	0.22499999999999432	0.06945486990916361	11.0	154.26959359084142	154.2690684670382	0.0005251238032144556	0.01773440152643957	0.01069315329618803	154.33951778096224	154.46769857463693	-0.12818079367468727	0.005747036506306813	-0.009369857463696007	154.86161706740006	155.1370074713388	-0.2753904039387294	-0.08126951123335857	-0.07630074713389945	155.65682048934627	155.8790991895027	-0.22227870015643703	-0.21380341489103216	-0.15050991895029142	79	False	0.20400000000000773	0.13700000000000045
2026.02.11 02:20:00	USDJPY#	DC	M5	2026.02.11 02:20	154.296	154.36	154.293	154.4128091490748	154.4322773405873	154.41519113822605	154.42711025204864	-0.002381989151245989	-0.019468191512487465	-0.011919113822585814	-0.009705900856334892	-0.004943576359664803	5	154.512	4	0.21600000000000819	0.05468096487398001	8.0	154.4128091490748	154.41519113822605	-0.002381989151245989	-0.019468191512487465	-0.011919113822585814	154.40170727287887	154.40423374166411	-0.0025264687852484258	-0.02145121214647361	-0.01312337416641185	154.508334253803	154.74668690588223	-0.23835265207921452	-0.07722237563385193	-0.0701686905882184	155.26021505339727	155.58210676818405	-0.3218917147867728	-0.21420250889954673	-0.160710676818411	117	False	1.502999999999986	0.01300000000000523
2026.02.11 12:05:00	USDJPY#	GC	M5	2026.02.11 12:05	153.234	153.26	153.174	153.21309976815584	153.2096163961818	153.2127603892952	153.21063642822472	0.0003393788606445014	0.0034833719740561264	0.002123961070481073	-0.005286059830626755	-0.0031013210537366833	5	153.101	4	0.13300000000000978	0.07310811819596416	10.0	153.21309976815584	153.2127603892952	0.0003393788606445014	0.0034833719740561264	0.002123961070481073	153.2170145908868	153.2668419859661	-0.04982739507929068	0.0006642348522234442	-0.004584198596603528	153.532861926318	153.8512156413685	-0.318353715050506	-0.037810321052972995	-0.05452156413684861	154.5696077304193	155.03429884912396	-0.46469111870464985	-0.12410128840321022	-0.12092988491241385	651	False	1.4129999999999825	0.9710000000000036
2026.02.12 12:00:00	USDJPY#	GC	M15	2026.02.12 12:00	153.035	153.035	152.898	152.96070562096705	152.94832322446155	152.96061223730652	152.95317346103718	9.33836605270244e-05	0.012382396505500992	0.007438776269339087	-0.007178484129445906	-0.00431026539960726	5	152.797	4	0.23799999999999955	0.17450808795947667	8.0	152.9197948668393	152.9313853888245	-0.011590521985198166	0.01103418886012264	0.005461461117562294	152.96070562096705	152.96061223730652	9.33836605270244e-05	0.012382396505500992	0.007438776269339087	153.01575384824548	153.10505269713036	-0.08929884888488004	0.015707691959079284	0.0004947302869311443	153.65104010463705	154.16569383053925	-0.5146537259022068	-0.06534001743949602	-0.09066938305392114	515	False	2.304000000000002	0.674999999999983
2026.02.13 18:20:00	USDJPY#	DC	M5	2026.02.13 18:20	152.887	153.054	152.865	153.03316460152416	153.05752536844483	153.04061027978753	153.0559713077663	-0.007445678263366062	-0.024360766920665355	-0.015361027978769926	0.0015623323980491933	0.0008637576173782691	5	153.223	4	0.33600000000001273	0.1161772064266441	8.0	153.03316460152416	153.04061027978753	-0.007445678263366062	-0.024360766920665355	-0.015361027978769926	153.05717412519806	153.1190500585299	-0.06187593333183372	-0.03219568753297608	-0.025505005852977547	153.13962608786477	153.13744920893004	0.002176878934733395	-0.059271014644110664	-0.03534492089301011	153.2715436774178	153.6348854272071	-0.36334174978929923	-0.07859061290295699	-0.08348854272068706	682	False	0.3569999999999993	1.031000000000006
2026.02.16 07:00:00	USDJPY#	GC	H1	2026.02.16 07:00	153.191	153.24	153.139	153.02095661121677	152.99261604641956	153.01739738097416	153.0000371190716	0.0035592302426152855	0.028340564797218804	0.01736026190255302	0.022471858130194276	0.011428786988267348	8	152.53	7	0.6610000000000014	0.20160808942101885	8.0	153.14554517025994	153.11655572538857	0.028989444871371006	0.012409138290024657	0.010344427461149053	153.0926225284844	153.0438862564628	0.04873627202161401	0.01756291191927062	0.015411374353703877	153.02095661121677	153.01739738097416	0.0035592302426152855	0.028340564797218804	0.01736026190255302	153.16580301551676	153.47103413013303	-0.3052311146162765	0.004199497413878817	-0.028003413013323097	23	False	0.561000000000007	0.20599999999998886
2026.02.17 06:00:00	USDJPY#	DC	H1	2026.02.17 06:00	153.081	153.217	152.985	153.275726152029	153.3081805107005	153.28478832267302	153.30516715494034	-0.00906217064402881	-0.03245435867151514	-0.020378832267311964	-0.032516560673207094	-0.01795232177503294	6	153.752	5	0.6710000000000207	0.19985158973515726	11.0	153.13260364997717	153.14691743824386	-0.014313788266690608	0.008066058337163895	0.003408256175589486	153.2029183668986	153.25249005233036	-0.04957168543177204	-0.00015306114974578122	-0.00504900523304741	153.275726152029	153.28478832267302	-0.00906217064402881	-0.03245435867151514	-0.020378832267311964	153.22451217173077	153.38863309879423	-0.1641209270634647	-0.0455853619551192	-0.04376330987940946	11	False	0.3879999999999768	0.8370000000000175
2026.02.17 17:00:00	USDJPY#	GC	H1	2026.02.17 17:00	153.792	153.918	153.443	153.2410859041552	153.14926688818105	153.22112383909757	153.16403622300734	0.019962065057626432	0.09181901597415276	0.05708761609022872	0.03528943414543732	0.018425240998487878	7	152.693	6	1.0989999999999895	0.277022685618917	8.0	153.41348089322358	153.35593377135183	0.057547121871749596	0.02591985112943007	0.021306622864813107	153.29894691971975	153.2201076068956	0.07883931282415801	0.04817551338004478	0.03678923931042277	153.2410859041552	153.22112383909757	0.019962065057626432	0.09181901597415276	0.05708761609022872	153.2292729711191	153.34828482253508	-0.11901185141599058	0.039121171480161365	0.011571517746489235	175	True	3.0289999999999964	0.7299999999999898
2026.02.18 03:10:00	USDJPY#	GC	M5	2026.02.18 03:10	153.334	153.338	153.233	153.2216481977015	153.20292289731842	153.2167054648115	153.20497601129267	0.004942732890015122	0.018725300383096055	0.01172945351882504	0.007533670950556371	0.004091857335566829	5	153.062	4	0.27199999999999136	0.0807298547669041	12.0	153.2216481977015	153.2167054648115	0.004942732890015122	0.018725300383096055	0.01172945351882504	153.23807067691175	153.25312470227837	-0.015054025366623591	0.015988220514714158	0.008087529772154767	153.2850938676499	153.2718105260087	0.013283341641198376	0.024651022058350236	0.016118947399121453	153.26520055020995	153.35075605168188	-0.08555550147193003	0.02796657496503485	0.008224394831813697	286	False	1.531000000000006	-0.0010000000000047748
2026.02.18 16:00:00	USDJPY#	GC	H4	2026.02.18 16:00	154.524	154.6	153.91	153.5920890933245	153.4367706088786	153.540693567162	153.4423629238782	0.05139552616248011	0.15531848444589968	0.09833064328381624	0.07097102361591397	0.03963238206238771	9	152.693	8	1.8309999999999889	0.4649574270444919	10.0	153.8000330873861	153.7674560150194	0.03257707236670626	0.020327818768976158	0.015454398498036426	153.77764943047	153.73934513511796	0.03830429535204871	0.03272509492165909	0.0234654864881918	153.74468274636953	153.62780182482146	0.1168809215480735	0.10438620893842199	0.07431981751784633	153.5920890933245	153.540693567162	0.05139552616248011	0.15531848444589968	0.09833064328381624	38	True	2.296999999999997	0.5320000000000107
2026.02.19 03:00:00	USDJPY#	DC	M5	2026.02.19 03:00	154.699	154.767	154.664	154.73608945416822	154.74227102986293	154.73774519312113	154.74161971243325	-0.0016557389529054944	-0.006181575694711228	-0.0038745193121201282	-0.00029827316340060863	-1.236557048969189e-05	5	154.828	4	0.12899999999999068	0.07480509850586613	15.0	154.73608945416822	154.73774519312113	-0.0016557389529054944	-0.006181575694711228	-0.0038745193121201282	154.73650318394482	154.71404503647838	0.022458147466437595	-0.0024171973241209344	0.0007954963521683567	154.5498163612325	154.3305529175289	0.2192634437035963	0.06553060646126596	0.06124470824710215	153.93053484407517	153.77059798939007	0.15993685468509966	0.16874419265417373	0.1172402010609801	484	False	0.16600000000002524	0.9379999999999882
2026.02.19 20:45:00	USDJPY#	DC	M15	2026.02.19 20:45	154.868	154.897	154.824	154.942796814385	154.9552629501158	154.9466179756111	154.9544797731722	-0.003821161226113645	-0.01246613573081845	-0.007861797561105277	-0.005847325892739263	-0.0030183920580725498	6	155.027	5	0.15899999999999181	0.09499045766569156	8.0	154.92060805600218	154.93662343593573	-0.016015379933548957	-0.011934676000350919	-0.008762343593559763	154.942796814385	154.9466179756111	-0.003821161226113645	-0.01246613573081845	-0.007861797561105277	154.9094769377891	154.81935376873898	0.0901231690501163	-0.006912822964835641	0.004864623126110246	154.49752858615628	154.23269912598494	0.2648294601713417	0.07841190230726625	0.0735300874014797	146	False	0.8760000000000048	0.7690000000000055
2026.02.20 19:20:00	USDJPY#	GC	M5	2026.02.20 19:20	155.167	155.199	155.151	155.0380648672157	155.01657567841832	155.03110872137412	155.01751959351154	0.00695614584157056	0.021489188797374936	0.013589127862587702	0.01347420741191172	0.007250276902766473	5	154.931	4	0.23599999999999	0.09196484594376687	10.0	155.0380648672157	155.03110872137412	0.00695614584157056	0.021489188797374936	0.013589127862587702	155.0609110420604	155.1042813738686	-0.04337033180817684	0.017848159656608686	0.00637186261315037	155.15478085687135	155.13904037642277	0.015740480448585004	-0.027630142811887026	-0.015004037642285084	154.89343126589822	154.6138141433365	0.2796171225617172	0.015928122350317153	0.03751858566633359	1208	True	1.6539999999999964	1.1750000000000114
2026.02.23 09:15:00	USDJPY#	GC	M15	2026.02.23 09:15	154.584	154.603	154.501	154.41532558669417	154.3872131844765	154.40636591829715	154.38860251012687	0.008959668397011455	0.028112402217658428	0.01776340817028199	0.008917917349936032	0.004495176644076082	5	154.219	4	0.3650000000000091	0.11532510892644177	8.0	154.43307085353533	154.4103205537599	0.02275029977542431	0.019488191077442707	0.01396794462402795	154.41532558669417	154.40636591829715	0.008959668397011455	0.028112402217658428	0.01776340817028199	154.53630533595447	154.65940433168322	-0.12309899572875338	-0.010050889325754042	-0.018340433168333448	154.76714865497885	154.6159843202899	0.15116433468895707	0.006308557503558632	0.018901567970999622	167	False	1.6910000000000025	0.3689999999999998
2026.02.25 03:00:00	USDJPY#	DC	M15	2026.02.25 03:00	155.687	155.743	155.646	155.81714776382063	155.83883905779072	155.82162603177773	155.8350886349555	-0.0044782679570971595	-0.021691293970093284	-0.01346260317777137	-0.005693530222822573	-0.0024442677321303563	5	155.987	4	0.29999999999998295	0.10734542201192282	8.0	155.81366170741612	155.83020072116759	-0.016539013751469156	-0.012443617902675896	-0.009120072116758138	155.81714776382063	155.82162603177773	-0.0044782679570971595	-0.021691293970093284	-0.01346260317777137	155.75941995074407	155.65949945040714	0.09992050033693545	0.002096674875986082	0.011250054959276667	155.34952219064726	155.11868923594335	0.23083295470391363	0.07041296822544041	0.06533107640566982	12	False	0.34600000000000364	0.35499999999998977
2026.02.25 06:00:00	USDJPY#	GC	M15	2026.02.25 06:00	156.015	156.042	155.817	155.79955333551771	155.76364555810397	155.7908855638331	155.76847412021638	0.008667771684628178	0.035907777413740405	0.02241144361670422	0.02335048423199737	0.012981700884853353	5	155.341	4	0.6739999999999782	0.1963379421664955	8.0	155.80294366744002	155.77042414667503	0.03251952076499265	0.013342722093341308	0.011257585332486997	155.79955333551771	155.7908855638331	0.008667771684628178	0.035907777413740405	0.02241144361670422	155.73147728676594	155.66435871555757	0.0671185712083684	8.711887235790527e-05	0.006764128444245898	155.38430473484053	155.16180839631213	0.22249633852840134	0.034782544193262765	0.043119160368775056	140	False	0.8060000000000116	0.4919999999999902
2026.02.26 17:00:00	USDJPY#	DC	M15	2026.02.26 17:00	155.85	156.036	155.849	156.0155198461183	156.04310648713803	156.02342437442846	156.04076681187132	-0.007904528310149317	-0.027586641019723857	-0.017342437442863456	-0.007433635038444209	-0.0036832029664708443	5	156.249	4	0.3990000000000009	0.12557931784791085	8.0	156.0179520055144	156.0392943080134	-0.021342302499022026	-0.008825334252378525	-0.007429430801323633	156.0155198461183	156.02342437442846	-0.007904528310149317	-0.027586641019723857	-0.017342437442863456	156.0438227349843	156.06194341616927	-0.01812068118496768	-0.0009704558306964373	-0.0023943416169345255	156.00528484209815	155.77339618723545	0.2318886548627006	0.06378585965032357	0.06146038127644715	4	False	0.012000000000000455	0.38900000000001
2026.02.26 18:00:00	USDJPY#	GC	M15	2026.02.26 18:00	156.235	156.239	156.039	156.05417356125338	156.02403582146226	156.0461108356181	156.02722191917988	0.008062725635284096	0.030137739791115337	0.018888916438214665	0.0022134148230691154	0.0010688047493545127	6	155.828	5	0.4070000000000107	0.14256657574428191	8.0	156.03432381829225	156.03198772387037	0.0023360944218779878	0.016612696951312955	0.010201227612952835	156.05417356125338	156.0461108356181	0.008062725635284096	0.030137739791115337	0.018888916438214665	156.05584805855798	156.0679485601539	-0.012100501595909918	0.012025323573681135	0.006005143984623373	156.00528484209815	155.77339618723545	0.2318886548627006	0.06378585965032357	0.06146038127644715	24	True	0.1939999999999884	0.20400000000000773
